rank,actor1,actor2,actor3,actor4
0,Harrison Ford, Mark Hamill, Carrie Fisher, Adam Driver
1,Sam Worthington, Zoe Saldana, Sigourney Weaver, Stephen Lang
2,Leonardo DiCaprio, Kate Winslet, Billy Zane, Kathy Bates
3,Chris Pratt, Bryce Dallas Howard, Irrfan Khan, Vincent D'Onofrio
4,Chadwick Boseman, Michael B. Jordan, Lupita Nyong'o, Danai Gurira
5,Robert Downey Jr., Chris Evans, Mark Ruffalo, Chris Hemsworth
6,Mark Hamill, Carrie Fisher, Adam Driver, Daisy Ridley
7,Christian Bale, Heath Ledger, Aaron Eckhart, Michael Caine
8,Felicity Jones, Diego Luna, Alan Tudyk, Donnie Yen
9,Emma Watson, Dan Stevens, Luke Evans, Josh Gad
10,Ellen DeGeneres, Albert Brooks, Ed O'Neill, Kaitlin Olson
11,Liam Neeson, Ewan McGregor, Natalie Portman, Jake Lloyd
12,Mark Hamill, Harrison Ford, Carrie Fisher, Peter Cushing
13,Robert Downey Jr., Chris Hemsworth, Mark Ruffalo, Chris Evans
14,Christian Bale, Gary Oldman, Tom Hardy, Joseph Gordon-Levitt
15,Mike Myers, Eddie Murphy, Cameron Diaz, Julie Andrews
16,Dee Wallace, Henry Thomas, Peter Coyote, Robert MacNaughton
17,Jennifer Lawrence, Liam Hemsworth, Jack Quaid, Taylor St. Clair
18,Johnny Depp, Orlando Bloom, Keira Knightley, Jack Davenport
19,Rowan Atkinson, Matthew Broderick, Niketa Calame, Jim Cummings
20,Tom Hanks, Tim Allen, Joan Cusack, Ned Beatty
21,Gal Gadot, Chris Pine, Connie Nielsen, Robin Wright
22,Robert Downey Jr., Gwyneth Paltrow, Don Cheadle, Guy Pearce
23,Chris Evans, Robert Downey Jr., Scarlett Johansson, Sebastian Stan
24,Stanley Tucci, Wes Bentley, Jennifer Lawrence, Willow Shields
25,Tobey Maguire, Willem Dafoe, Kirsten Dunst, James Franco
26,Sam Neill, Laura Dern, Jeff Goldblum, Richard Attenborough
27,Dwayne Johnson, Kevin Hart, Jack Black, Karen Gillan
28,Shia LaBeouf, Megan Fox, Josh Duhamel, Tyrese Gibson
29,Kristen Bell, Idina Menzel, Jonathan Groff, Josh Gad
30,Chris Pratt, Zoe Saldana, Dave Bautista, Vin Diesel
31,Ralph Fiennes, Michael Gambon, Alan Rickman, Daniel Radcliffe
32,Albert Brooks, Ellen DeGeneres, Alexander Gould, Willem Dafoe
33,Ewan McGregor, Natalie Portman, Hayden Christensen, Ian McDiarmid
34,Noel Appleby, Ali Astin, Sean Astin, David Aston
35,Tobey Maguire, Kirsten Dunst, James Franco, Alfred Molina
36,Jim Caviezel, Maia Morgenstern, Christo Jivkov, Francesco De Vito
37,Louis C.K., Eric Stonestreet, Kevin Hart, Jenny Slate
38,Steve Carell, Kristen Wiig, Benjamin Bratt, Miranda Cosgrove
39,Neel Sethi, Bill Murray, Ben Kingsley, Idris Elba
40,Ryan Reynolds, Karan Soni, Ed Skrein, Michael Benyaer
41,Amy Poehler, Phyllis Smith, Richard Kind, Bill Hader
42,Vin Diesel, Paul Walker, Jason Statham, Michelle Rodriguez
43,Shia LaBeouf, Rosie Huntington-Whiteley, Josh Duhamel, John Turturro
44,Bradley Cooper, Kyle Gallner, Cole Konis, Ben Reed
45,Bruce Allpress, Sean Astin, John Bach, Sala Baker
46,Ginnifer Goodwin, Jason Bateman, Idris Elba, Jenny Slate
47,Jennifer Lawrence, Josh Hutcherson, Liam Hemsworth, Woody Harrelson
48,Tobey Maguire, Kirsten Dunst, James Franco, Thomas Haden Church
49,Sandra Bullock, Jon Hamm, Michael Keaton, Allison Janney
50,Tom Holland, Michael Keaton, Robert Downey Jr., Marisa Tomei
51,Johnny Depp, Mia Wasikowska, Helena Bonham Carter, Anne Hathaway
52,Chris Pratt, Zoe Saldana, Dave Bautista, Vin Diesel
53,Ben Affleck, Henry Cavill, Amy Adams, Jesse Eisenberg
54,Tom Hanks, Rebecca Williams, Sally Field, Michael Conner Humphreys
55,Jaeden Lieberher, Jeremy Ray Taylor, Sophia Lillis, Finn Wolfhard
56,Will Smith, Jaime FitzSimons, Ike Barinholtz, Margot Robbie
57,Mike Myers, Eddie Murphy, Cameron Diaz, Antonio Banderas
58,Shia LaBeouf, Megan Fox, Josh Duhamel, Tyrese Gibson
59,Robert Downey Jr., Terrence Howard, Jeff Bridges, Gwyneth Paltrow
60,Richard Harris, Maggie Smith, Robbie Coltrane, Saunders Triplets
61,Harrison Ford, Cate Blanchett, Karen Allen, Shia LaBeouf
62,Alan Howard, Noel Appleby, Sean Astin, Sala Baker
63,Chris Hemsworth, Tom Hiddleston, Cate Blanchett, Idris Elba
64,Robert Downey Jr., Gwyneth Paltrow, Don Cheadle, Scarlett Johansson
65,Ewan McGregor, Natalie Portman, Hayden Christensen, Christopher Lee
66,Johnny Depp, Geoffrey Rush, Orlando Bloom, Keira Knightley
67,Mark Hamill, Harrison Ford, Carrie Fisher, Billy Dee Williams
68,Will Smith, Bill Pullman, Jeff Goldblum, Mary McDonnell
69,Johnny Depp, Geoffrey Rush, Orlando Bloom, Keira Knightley
70,Daniel Craig, Judi Dench, Javier Bardem, Ralph Fiennes
71,Ian McKellen, Martin Freeman, Richard Armitage, Ken Stott
72,Daniel Radcliffe, Michael Gambon, Dave Legeno, Elarica Johnson
73,Xavier Samuel, Kristen Stewart, Robert Pattinson, Billy Burke
74,Kristen Stewart, Christina Jastrzembska, Robert Pattinson, Billy Burke
75,Bill Nighy, Emma Watson, Richard Griffiths, Harry Melling
76,Bruce Willis, Haley Joel Osment, Toni Collette, Olivia Williams
77,Edward Asner, Christopher Plummer, Jordan Nagai, Bob Peterson
78,Leonardo DiCaprio, Joseph Gordon-Levitt, Ellen Page, Tom Hardy
79,Kristen Stewart, Robert Pattinson, Taylor Lautner, Peter Facinelli
80,Daniel Radcliffe, Harry Melling, Jason Boyd, Richard Macklin
81,Georgie Henley, Skandar Keynes, William Moseley, Anna Popplewell
82,Henry Cavill, Amy Adams, Michael Shannon, Diane Lane
83,Mark Hamill, Harrison Ford, Carrie Fisher, Billy Dee Williams
84,Eric Sykes, Timothy Spall, David Tennant, Daniel Radcliffe
85,John Goodman, Billy Crystal, Mary Gibbs, Steve Buscemi
86,Macaulay Culkin, Joe Pesci, Daniel Stern, John Heard
87,Jennifer Lawrence, Josh Hutcherson, Liam Hemsworth, Woody Harrelson
88,Ray Anthony, Christine Anu, Andy Arness, Alima Ashton-Sheibu
89,Taylor Lautner, Gil Birmingham, Billy Burke, Sarah Clarke
90,Robert De Niro, Ben Stiller, Dustin Hoffman, Barbra Streisand
91,Bradley Cooper, Ed Helms, Zach Galifianakis, Justin Bartha
92,Sandra Bullock, George Clooney, Ed Harris, Orto Ignatiussen
93,Matthew McConaughey, Reese Witherspoon, Seth MacFarlane, Scarlett Johansson
94,Billy Crystal, John Goodman, Steve Buscemi, Helen Mirren
95,Mike Myers, Eddie Murphy, Cameron Diaz, John Lithgow
96,Steve Carell, Kristen Wiig, Trey Parker, Miranda Cosgrove
97,Andrew Garfield, Emma Stone, Rhys Ifans, Denis Leary
98,Daniel Radcliffe, Rupert Grint, Emma Watson, Richard Griffiths
99,Craig T. Nelson, Holly Hunter, Samuel L. Jackson, Jason Lee
100,Jim Carrey, Taylor Momsen, Kelley, Jeffrey Tambor
101,Roy Scheider, Robert Shaw, Richard Dreyfuss, Lorraine Gary
102,Chris Evans, Samuel L. Jackson, Scarlett Johansson, Robert Redford
103,Ian McKellen, Martin Freeman, Richard Armitage, Ken Stott
104,Will Arnett, Elizabeth Banks, Craig Berry, Alison Brie
105,Chris Pine, Zachary Quinto, Leonard Nimoy, Eric Bana
106,Will Smith, Alice Braga, Charlie Tahan, Salli Richardson-Whitfield
107,Sandra Bullock, Tim McGraw, Quinton Aaron, Jae Head
108,Ian McKellen, Martin Freeman, Richard Armitage, Ken Stott
109,Bradley Cooper, Ed Helms, Zach Galifianakis, Justin Bartha
110,Steve Carell, Jason Segel, Russell Brand, Julie Andrews
111,Michael Keaton, Jack Nicholson, Kim Basinger, Robert Wuhl
112,Ben Stiller, Carla Gugino, Dick Van Dyke, Mickey Rooney
113,Tommy Lee Jones, Will Smith, Linda Fiorentino, Vincent D'Onofrio
114,Daniel Radcliffe, Richard Griffiths, Pam Ferris, Fiona Shaw
115,Auli'i Cravalho, Dwayne Johnson, Rachel House, Temuera Morrison
116,Harrison Ford, Karen Allen, Paul Freeman, Ronald Lacey
117,Tom Hanks, Tim Allen, Joan Cusack, Kelsey Grammer
118,Mark Wahlberg, Stanley Tucci, Kelsey Grammer, Nicola Peltz
119,Owen Wilson, Paul Newman, Bonnie Hunt, Larry the Cable Guy
120,Jim Carrey, Morgan Freeman, Jennifer Aniston, Philip Baker Hall
121,Bill Murray, Dan Aykroyd, Sigourney Weaver, Harold Ramis
122,Helen Hunt, Bill Paxton, Cary Elwes, Jami Gertz
123,Nia Vardalos, Michael Constantine, Christina Eleusiniotis, Kaylee Vieira
124,Angelina Jolie, Elle Fanning, Sharlto Copley, Lesley Manville
125,Johnny Depp, Pen_lope Cruz, Geoffrey Rush, Ian McShane
126,Mike Myers, Eddie Murphy, Cameron Diaz, Antonio Banderas
127,Vin Diesel, Paul Walker, Dwayne Johnson, Jordana Brewster
128,Kelly Macdonald, Billy Connolly, Emma Thompson, Julie Walters
129,James Franco, Mila Kunis, Rachel Weisz, Michelle Williams
130,Eddie Murphy, Judge Reinhold, John Ashton, Lisa Eilbacher
131,Hugh Jackman, Halle Berry, Ian McKellen, Patrick Stewart
132,Tom Cruise, Dakota Fanning, Miranda Otto, Justin Chatwin
133,Eddie Redmayne, Sam Redford, Scott Goldman, Tim Bentinck
134,Hugh Jackman, James McAvoy, Michael Fassbender, Jennifer Lawrence
135,Tom Hanks, Paul Sanchez, Lari White, Leonid Citer
136,Ellen Burstyn, Max von Sydow, Lee J. Cobb, Kitty Winn
137,Benedict Cumberbatch, Chiwetel Ejiofor, Rachel McAdams, Benedict Wong
138,Jeff Goldblum, Julianne Moore, Pete Postlethwaite, Arliss Howard
139,Ben Affleck, Henry Cavill, Amy Adams, Gal Gadot
140,J.J. Abrams, Simon Pegg, Chris Pine, Zachary Quinto
141,Matt Damon, Jessica Chastain, Kristen Wiig, Jeff Daniels
142,Mel Gibson, Joaquin Phoenix, Rory Culkin, Abigail Breslin
143,Will Smith, Charlize Theron, Jason Bateman, Jae Head
144,Matt Damon, Julia Stiles, David Strathairn, Scott Glenn
145,Hugh Jackman, Patrick Stewart, Dafne Keen, Boyd Holbrook
146,Jackie Chan, Chris Tucker, John Lone, Ziyi Zhang
147,Vin Diesel, Jason Statham, Dwayne Johnson, Michelle Rodriguez
148,Ben Burtt, Elissa Knight, Jeff Garlin, Fred Willard
149,Scott Adsit, Ryan Potter, Daniel Henney, T.J. Miller
150,Nicolas Cage, Justin Bartha, Diane Kruger, Jon Voight
151,Zachary Levi, David Cross, Jason Lee, Justin Long
152,Robin Williams, Sally Field, Pierce Brosnan, Harvey Fierstein
153,Robby Benson, Jesse Corti, Rex Everhart, Angela Lansbury
154,Mark Wahlberg, Mila Kunis, Seth MacFarlane, Joel McHale
155,Naomi Watts, Jack Black, Adrien Brody, Thomas Kretschmann
156,Patrick Swayze, Demi Moore, Whoopi Goldberg, Tony Goldwyn
157,Jay Baruchel, Gerard Butler, Craig Ferguson, America Ferrera
158,Tom Hanks, Audrey Tautou, Ian McKellen, Jean Reno
159,Scott Weinger, Robin Williams, Linda Larkin, Jonathan Freeman
160,Jason Lee, David Cross, Cameron Richardson, Jane Lynch
161,Tom Hanks, Tom Sizemore, Edward Burns, Barry Pepper
162,Ben Stiller, Chris Rock, David Schwimmer, Jada Pinkett Smith
163,Jack Black, Dustin Hoffman, Angelina Jolie, Ian McShane
164,Tom Cruise, Dougray Scott, Thandie Newton, Ving Rhames
165,Patrick Stewart, Hugh Jackman, Ian McKellen, Halle Berry
166,Danny DeVito, Ed Helms, Zac Efron, Taylor Swift
167,Mike Myers, Beyonc_, Seth Green, Michael York
168,Gerard Butler, Lena Headey, Dominic West, David Wenham
169,Michael J. Fox, Christopher Lloyd, Lea Thompson, Crispin Glover
170,Vin Diesel, Paul Walker, Jordana Brewster, Tyrese Gibson
171,Anthony Gonzalez, Gael GarcÍa Bernal, Benjamin Bratt, Alanna Ubach
172,Tom Cruise, Paula Patton, Simon Pegg, Jeremy Renner
173,Owen Wilson, Vince Vaughn, Christopher Walken, Rachel McAdams
174,Robert Downey Jr., Jude Law, Rachel McAdams, Mark Strong
175,Andy Serkis, Jason Clarke, Gary Oldman, Keri Russell
176,Christian Bale, Michael Caine, Liam Neeson, Katie Holmes
177,Johnny Depp, Freddie Highmore, David Kelly, Helena Bonham Carter
178,Patton Oswalt, Ian Holm, Lou Romano, Brian Dennehy
179,Chris Hemsworth, Natalie Portman, Tom Hiddleston, Anthony Hopkins
180,Mike Myers, Heather Graham, Michael York, Robert Wagner
181,Bobby Baker, Michael Bartnett, Jenny Larson, Mike Maclaggan
182,Andrew Garfield, Emma Stone, Jamie Foxx, Dane DeHaan
183,Brad Pitt, Mireille Enos, Daniella Kertesz, James Badge Dale
184,Brendan Fraser, Rachel Weisz, John Hannah, Arnold Vosloo
185,Bruce Willis, Billy Bob Thornton, Ben Affleck, Liv Tyler
186,Cate Blanchett, Lily James, Richard Madden, Helena Bonham Carter
187,Mandy Moore, Zachary Levi, Donna Murphy, Ron Perlman
188,Aaron Taylor-Johnson, CJ Adams, Ken Watanabe, Bryan Cranston
189,Brandon Routh, Kate Bosworth, Kevin Spacey, James Marsden
190,Daniel Craig, Christoph Waltz, L_a Seydoux, Ralph Fiennes
191,Thomas Mitchell, Barbara O'Neil, Vivien Leigh, Evelyn Keyes
192,Ben Affleck, Josh Hartnett, Kate Beckinsale, William Lee Scott
193,Reese Witherspoon, Seth Rogen, Hugh Laurie, Will Arnett
194,Carlos Alazraqui, Lombardo Boyar, Jeffrey Garcia, Johnny A. Sanchez
195,Harrison Ford, Sean Connery, Denholm Elliott, Alison Doody
196,Eunice Cho, Karen Disher, Harrison Fahn, Maile Flanagan
197,Ray Romano, John Leguizamo, Denis Leary, Seann William Scott
198,Tom Cruise, Jeremy Renner, Simon Pegg, Rebecca Ferguson
199,Ben Stiller, Chris Rock, David Schwimmer, Jada Pinkett Smith
200,Kristen Stewart, Sarah Clarke, Matt Bushell, Billy Burke
201,Tom Hanks, Tim Allen, Don Rickles, Jim Varney
202,Jonah Hill, Channing Tatum, Peter Stormare, Wyatt Russell
203,Larry the Cable Guy, Owen Wilson, Michael Caine, Emily Mortimer
204,Megan Fox, Will Arnett, William Fichtner, Alan Ritchson
205,Tommy Lee Jones, Will Smith, Rip Torn, Lara Flynn Boyle
206,John C. Reilly, Sarah Silverman, Jack McBrayer, Jane Lynch
207,John Travolta, Olivia Newton-John, Stockard Channing, Jeff Conaway
208,Fionn Whitehead, Damien Bonnard, Aneurin Barnard, Lee Armstrong
209,Ellen Burstyn, Matthew McConaughey, Mackenzie Foy, John Lithgow
210,Russell Crowe, Joaquin Phoenix, Connie Nielsen, Oliver Reed
211,Nicolas Cage, Emma Stone, Ryan Reynolds, Catherine Keener
212,Robert Downey Jr., Jude Law, Noomi Rapace, Rachel McAdams
213,Dennis Quaid, Jake Gyllenhaal, Emmy Rossum, Dash Mihok
214,Tom Hanks, Leslie Zemeckis, Eddie Deezen, Nona Gaye
215,Brad Pitt, Angelina Jolie, Vince Vaughn, Adam Brody
216,Roy Atwell, Stuart Buchanan, Adriana Caselotti, Eddie Collins
217,Anna Kendrick, Rebel Wilson, Hailee Steinfeld, Brittany Snow
218,Kevin Costner, Mary McDonnell, Graham Greene, Rodney A. Grant
219,Val Kilmer, Tommy Lee Jones, Jim Carrey, Nicole Kidman
220,Harrison Ford, Tommy Lee Jones, Sela Ward, Julianne Moore
221,Leonardo DiCaprio, Tom Hardy, Domhnall Gleeson, Will Poulter
222,George Clooney, Cecelia Ann Birt, Paul L. Nolan, Carol Florence
223,Dan Castellaneta, Julie Kavner, Nancy Cartwright, Yeardley Smith
224,Mel Gibson, Helen Hunt, Marisa Tomei, Alan Alda
225,George Clooney, Mark Wahlberg, John C. Reilly, Diane Lane
226,Daniel Day-Lewis, Sally Field, David Strathairn, Joseph Gordon-Levitt
227,Jim Carrey, Maura Tierney, Justin Cooper, Cary Elwes
228,Sam Neill, William H. Macy, T_a Leoni, Alessandro Nivola
229,Chris Hemsworth, Natalie Portman, Tom Hiddleston, Anthony Hopkins
230,Tom Cruise, Jon Voight, Emmanuelle B_art, Henry Czerny
231,Paul Rudd, Michael Douglas, Evangeline Lilly, Corey Stoll
232,Mark Wahlberg, Tim Roth, Helena Bonham Carter, Michael Clarke Duncan
233,Ben Stiller, Chris Rock, David Schwimmer, Jada Pinkett Smith
234,Hugh Jackman, Liev Schreiber, Danny Huston, Will.i.am
235,Harrison Ford, Kate Capshaw, Jonathan Ke Quan, Amrish Puri
236,Tom Cruise, Kelly McGillis, Val Kilmer, Anthony Edwards
237,Will Smith, Eva Mendes, Kevin James, Amber Valletta
238,Will Smith, Walter F. Parkes, Barry Sonnenfeld, Nicole Scherzinger
239,Richard Gere, Julia Roberts, Ralph Bellamy, Jason Alexander
240,Jim Parsons, Rihanna, Steve Martin, Jennifer Lopez
241,Ben Stiller, Amy Adams, Owen Wilson, Hank Azaria
242,Dustin Hoffman, Jessica Lange, Teri Garr, Dabney Coleman
243,Jay Baruchel, Cate Blanchett, Gerard Butler, Craig Ferguson
244,Andy Serkis, Karin Konoval, Terry Notary, Richard Ridings
245,Chris Evans, Hayley Atwell, Sebastian Stan, Tommy Lee Jones
246,Ralph Macchio, Pat Morita, Elisabeth Shue, Martin Kove
247,Cameron Diaz, Matt Dillon, Ben Stiller, Lee Evans
248,Ray Romano, John Leguizamo, Denis Leary, Goran Visnjic
249,Matt Damon, Franka Potente, Brian Cox, Julia Stiles
250,Daniel Kaluuya, Allison Williams, Catherine Keener, Bradley Whitford
251,Will Arnett, Michael Cera, Rosario Dawson, Ralph Fiennes
252,Alec Baldwin, Steve Buscemi, Jimmy Kimmel, Lisa Kudrow
253,Paul Hogan, Linda Kozlowski, John Meillon, David Gulpilil
254,Tom Hanks, Bill Paxton, Kevin Bacon, Gary Sinise
255,Macaulay Culkin, Joe Pesci, Daniel Stern, Catherine O'Hara
256,Will Ferrell, James Caan, Bob Newhart, Edward Asner
257,Nicolas Cage, Diane Kruger, Justin Bartha, Sean Bean
258,Harrison Ford, Gary Oldman, Glenn Close, Wendy Crewson
259,Dustin Hoffman, Tom Cruise, Valeria Golino, Gerald R. Molen
260,Johnny Depp, Javier Bardem, Geoffrey Rush, Brenton Thwaites
261,Joseph Kosinski 
262,Hugh Jackman, Michelle Williams, Zac Efron, Zendaya
263,Keanu Reeves, Laurence Fishburne, Carrie-Anne Moss, Hugo Weaving
264,Jeff Bridges, Hailee Steinfeld, Matt Damon, Josh Brolin
265,Brian Blessed, Glenn Close, Minnie Driver, Tony Goldwyn
266,Russell Crowe, Ed Harris, Jennifer Connelly, Christopher Plummer
267,Taye Diggs, Cliff Saunders, Catherine Zeta-Jones, Ren_e Zellweger
268,Emma Stone, Viola Davis, Bryce Dallas Howard, Octavia Spencer
269,Adam Sandler, Andy Samberg, Selena Gomez, Kevin James
270,Taraji P. Henson, Octavia Spencer, Janelle Monˆe, Kevin Costner
271,Kristen Wiig, Terry Crews, Maya Rudolph, Tom Yi
272,Daniel Craig, Olga Kurylenko, Mathieu Amalric, Judi Dench
273,Tim Allen, John Travolta, Martin Lawrence, William H. Macy
274,Tom Hiddleston, Samuel L. Jackson, Brie Larson, John C. Reilly
275,Jonathan Biggins, Drew Forsythe, Phillip Scott 275, 
276,Ben Affleck, Rosamund Pike, Neil Patrick Harris, Tyler Perry
277,Daniel Craig, Eva Green, Mads Mikkelsen, Judi Dench
278,Robert De Niro, Ben Stiller, Teri Polo, Blythe Danner
279,Dakota Johnson, Jamie Dornan, Jennifer Ehle, Eloise Mumford
280,John Cusack, Amanda Peet, Chiwetel Ejiofor, Thandie Newton
281,Kevin Costner, Morgan Freeman, Mary Elizabeth Mastrantonio, Christian Slater
282,Jack Black, Angelina Jolie, Dustin Hoffman, Gary Oldman
283,Anthony Hopkins, Julianne Moore, Gary Oldman, Ray Liotta
284,Leonardo DiCaprio, Tom Hanks, Christopher Walken, Martin Sheen
285,Sandra Bullock, Ryan Reynolds, Mary Steenburgen, Craig T. Nelson
286,Will Smith, Jaden Smith, Thandie Newton, Brian Howe
287,Adam Sandler, Joey Lauren Adams, Jon Stewart, Cole Sprouse
288,Sam Worthington, Liam Neeson, Ralph Fiennes, Jason Flemyng
289,Antonio Banderas, Eric Bauza, Tim Conway, Eddie Deezen
290,Michael Keaton, Danny DeVito, Michelle Pfeiffer, Christopher Walken
291,Jamie Foxx, Christoph Waltz, Leonardo DiCaprio, Kerry Washington
292,Dave Foley, Kevin Spacey, Julia Louis-Dreyfus, Hayden Panettiere
293,Matt Damon, Tommy Lee Jones, Alicia Vikander, Vincent Cassel
294,Adam Sandler, Kevin James, Chris Rock, David Spade
295,Adam Sandler, Kathy Bates, Henry Winkler, Fairuza Balk
296,Aziz Ansari, Joy Behar, Christopher Campbell, Alain Chabat
297,O'Shea Jackson Jr., Corey Hawkins, Jason Mitchell, Neil Brown Jr.
298,Pierce Brosnan, Halle Berry, Toby Stephens, Rosamund Pike
299,Will Smith, Robert De Niro, Ren_e Zellweger, Jack Black
300,Sandra Bullock, Melissa McCarthy, Demiˆn Bichir, Marlon Wayans
301,Chris Pine, Zachary Quinto, Zoe Saldana, 
302,Julie Andrews, Christopher Plummer, Eleanor Parker, Richard Haydn
303,Tom Cruise, Jeanne Tripplehorn, Gene Hackman, Hal Holbrook
304,Adam Sandler, Chris Rock, Burt Reynolds, Nelly
305,Hugh Jackman, Patrick Stewart, Ian McKellen, Famke Janssen
306,Carmen Electra, Dave Sheridan, Frank B. Moore, Giacomo Baessato
307,Michael Douglas, Glenn Close, Anne Archer, Ellen Latzen
308,Bob Hoskins, Christopher Lloyd, Joanna Cassidy, Charles Fleischer
309,Paul Newman, Robert Redford, Robert Shaw, Charles Durning
310,Michelle Pfeiffer, Katharine Towne, Miranda Otto, James Remar
311,James McAvoy, Michael Fassbender, Jennifer Lawrence, Nicholas Hoult
312,Brendan Fraser, Rachel Weisz, John Hannah, Arnold Vosloo
313,Kristen Stewart, Chris Hemsworth, Charlize Theron, Sam Claflin
314,Dwayne Johnson, Carla Gugino, Alexandra Daddario, Ioan Gruffudd
315,Franchot Tone, Ann Sothern, Ruth Hussey, Lee Bowman
316,Bruce Willis, Garry Shandling, Steve Carell, Wanda Sykes
317,Miles Teller, Michael B. Jordan, Kate Mara, Jamie Bell
318,Jim Carrey, Steve Carell, Carol Burnett, Will Arnett
319,Tom Hardy, Charlize Theron, Nicholas Hoult, Hugh Keays-Byrne
320,Tom Cruise, Cuba Gooding Jr., Ren_e Zellweger, Kelly Preston
321,Anna Kendrick, Justin Timberlake, Zooey Deschanel, Christopher Mintz-Plasse
322,Eddie Murphy, Judge Reinhold, Jôrgen Prochnow, Ronny Cox
323,Freddie Prinze Jr., Sarah Michelle Gellar, Matthew Lillard, Linda Cardellini
324,Hoyt Axton, John Louie, Keye Luke, Don Steele
325,Owen Wilson, Cristela Alonzo, Chris Cooper, Nathan Fillion
326,Sarah Jessica Parker, Kim Cattrall, Kristin Davis, Cynthia Nixon
327,Julia Roberts, Richard Gere, Joan Cusack, Hector Elizondo
328,Ryan Gosling, Emma Stone, Ami_e Conn, Terry Walters
329,Shailene Woodley, Theo James, Ashley Judd, Jai Courtney
330,Sylvester Stallone, Richard Crenna, Charles Napier, Steven Berkoff
331,Jennifer Aniston, Jason Sudeikis, Emma Roberts, Will Poulter
332,Arnold Schwarzenegger, Nick Stahl, Claire Danes, Kristanna Loken
333,Will Ferrell, Mark Wahlberg, Linda Cardellini, Thomas Haden Church
334,Adewale Akinnuoye-Agbaje, Christopher Eccleston, Gr_gory Fitoussi, Joseph Gordon-Levitt
335,Seth Rogen, Rose Byrne, Elise Vargas, Zoey Vargas
336,Christian Bale, Bradley Cooper, Amy Adams, Jeremy Renner
337,Antonio Banderas, Salma Hayek, Zach Galifianakis, Billy Bob Thornton
338,Melissa D'Agostino, Adam Lazarus, 
339,Seth Rogen, Katherine Heigl, Paul Rudd, Leslie Mann
340,Jack Nicholson, Helen Hunt, Greg Kinnear, Cuba Gooding Jr.
341,Robert De Niro, Ben Stiller, Owen Wilson, Dustin Hoffman
342,Will Ferrell, Brad Pitt, Tina Fey, Jonah Hill
343,Adam Sandler, Andy Samberg, Selena Gomez, Kevin James
344,Will Ferrell, John C. Reilly, Sacha Baron Cohen, Gary Cole
345,Clint Eastwood, Christopher Carley, Bee Vang, Ahney Her
346,Mel Gibson, Danny Glover, Joe Pesci, Joss Ackland
347,Andy Serkis, Woody Harrelson, Steve Zahn, Karin Konoval
348,James McAvoy, Laurence Belcher, Michael Fassbender, Bill Milner
349,Kevin James, Keir O'Donnell, Jayma Mays, Raini Rodriguez
350,Arnold Schwarzenegger, Jamie Lee Curtis, Tom Arnold, Bill Paxton
351,Daveigh Chase, Chris Sanders, Tia Carrere, David Ogden Stiers
352,Jason Biggs, Shannon Elizabeth, Alyson Hannigan, Chris Klein
353,Liam Neeson, Maggie Grace, Leland Orser, Jon Gries
354,Rod Taylor, J. Pat O'Malley, Betty Lou Gerson, Martha Wentworth
355,Lisa Adam, Frank Aldridge, Amitabh Bachchan, Steve Bisley
356,Tim Allen, Judge Reinhold, Wendy Crewson, Eric Lloyd
357,Will Smith, Bridget Moynahan, Alan Tudyk, James Cromwell
358,Mel Gibson, Danny Glover, Joe Pesci, Rene Russo
359,Paul Walker, Vin Diesel, Michelle Rodriguez, Jordana Brewster
360,Eddie Murphy, Ossie Davis, Oliver Platt, Peter Boyle
361,Amanda Seyfried, Stellan Skarsgërd, Pierce Brosnan, Nancy Baldwin
362,Karen Disher, Jason Fricchione, Sofia Scarpa Saldanha, Leslie Mann
363,Jack Black, Bryan Cranston, Dustin Hoffman, Angelina Jolie
364,Ellen Page, Michael Cera, Jennifer Garner, Jason Bateman
365,Owen Wilson, Jennifer Aniston, Eric Dane, Kathleen Turner
366,Hank Azaria, Neil Patrick Harris, Jayma Mays, SofÍa Vergara
367,Vin Diesel, Asia Argento, Marton Csokas, Samuel L. Jackson
368,Neel Sethi, Bill Murray, Ben Kingsley, Idris Elba
369,Ben Barnes, Georgie Henley, Skandar Keynes, William Moseley
370,Karen Allen, Kevin Bacon, Stephen Furst, John Landis
371,Joe Baker, Christian Bale, Irene Bedard, Billy Connolly
372,Tom Cruise, Jack Nicholson, Demi Moore, Kevin Bacon
373,Dev Patel, Saurabh Shukla, Anil Kapoor, Raj Zutshi
374,Ken Leung, Jackie Chan, Tom Wilkinson, Tzi Ma
375,Heather Donahue, Joshua Leonard, Michael C. Williams, Bob Griffin
376,Robert Duvall, T_a Leoni, Elijah Wood, Vanessa Redgrave
377,Chris Tucker, Jackie Chan, Max von Sydow, Hiroyuki Sanada
378,John Travolta, Kirstie Alley, Olympia Dukakis, George Segal
379,Michael J. Fox, Geena Davis, Hugh Laurie, Jonathan Lipnicki
380,Liam Neeson, Maggie Grace, Famke Janssen, Leland Orser
381,Whoopi Goldberg, Maggie Smith, Kathy Najimy, Wendy Makkena
382,Mary Alice, Tanveer K. Atwal, Helmut Bakaitis, Kate Beahan
383,Tim Allen, Elizabeth Mitchell, David Krumholtz, Eric Lloyd
384,Colin Firth, Helena Bonham Carter, Derek Jacobi, Robert Portal
385,Steve Martin, Bonnie Hunt, Piper Perabo, Tom Welling
386,Martin Lawrence, Will Smith, Jordi Mollš, Gabrielle Union
387,Tom Berenger, Keith David, Willem Dafoe, Forest Whitaker
388,Jonah Hill, Channing Tatum, Brie Larson, Dave Franco
389,Matt Damon, Ben Affleck, Stellan Skarsgërd, John Mighton
390,James McAvoy, Anya Taylor-Joy, Betty Buckley, Haley Lu Richardson
391,Jim Carrey, Steve Valentine, Daryl Sabara, Sage Ryan
392,D.B. Sweeney, Alfre Woodard, Ossie Davis, Max Casella
393,Vera Farmiga, Patrick Wilson, Lili Taylor, Ron Livingston
394,Adam Sandler, Kate Beckinsale, Christopher Walken, David Hasselhoff
395,Tom Hanks, David Morse, Michael Clarke Duncan, Bonnie Hunt
396,Mel Gibson, Rene Russo, Brawley Nolte, Gary Sinise
397,Aaron Taylor-Johnson, CJ Adams, Ken Watanabe, Bryan Cranston
398,Glenn Close, Jeff Daniels, Joely Richardson, Joan Plowright
399,Ben Affleck, Bryan Cranston, Alan Arkin, John Goodman
400,Adam Sandler, Jack Nicholson, Marisa Tomei, Luis Guzmˆn
401,Zach Braff, Garry Marshall, Don Knotts, Patrick Stewart
402,Megan Fox, Will Arnett, William Fichtner, Alan Ritchson
403,Richard Dreyfuss, Franois Truffaut, Teri Garr, Melinda Dillon
404,Robin Williams, Daniel London, Monica Potter, Philip Seymour Hoffman
405,Marlon Brando, Al Pacino, James Caan, Richard S. Castellano
406,Ice Cube, Kevin Hart, John Leguizamo, Bruce McGill
407,Edward Norton, Liv Tyler, Tim Roth, William Hurt
408,Bruce Willis, Timothy Olyphant, Justin Long, Maggie Q
409,James McAvoy, Morgan Freeman, Angelina Jolie, Terence Stamp
410,Jason Bateman, Melissa McCarthy, Jon Favreau, Amanda Peet
411,Marlon Brando, Gene Hackman, Christopher Reeve, Ned Beatty
412,Sean Connery, Nicolas Cage, Ed Harris, John Spencer
413,Tom Cruise, Philip Seymour Hoffman, Ving Rhames, Billy Crudup
414,Adam Sandler, Kevin James, Chris Rock, David Spade
415,Julian Glover, Brian Cox, Nathan Jones, Adoni Maropis
416,Tom Hanks, Ewan McGregor, Ayelet Zurer, Stellan Skarsgërd
417,Jason Lee, David Cross, Jenny Slate, Justin Long
418,Steve Martin, Queen Latifah, Eugene Levy, Joan Plowright
419,Hugh Jackman, Tao Okamoto, Rila Fukushima, Hiroyuki Sanada
420,Jacob Tremblay, Owen Wilson, Izabela Vidovic, Julia Roberts
421,Leonardo DiCaprio, Matt Damon, Jack Nicholson, Mark Wahlberg
422,Eric Bana, Jennifer Connelly, Sam Elliott, Josh Lucas
423,Bradley Cooper, Jennifer Lawrence, Robert De Niro, Jacki Weaver
424,Tom Cruise, Max von Sydow, Steve Harris, Neal McDonough
425,Ioan Gruffudd, Jessica Alba, Chris Evans, Michael Chiklis
426,Noah Ringer, Dev Patel, Nicola Peltz, Jackson Rathbone
427,Jake T. Austin, Carlinhos Brown, Kristin Chenoweth, Jemaine Clement
428,Angelina Jolie, Jon Voight, Iain Glen, Noah Taylor
429,Jodie Foster, Lawrence A. Bonney, Kasi Lemmons, Lawrence T. Wrentz
430,Rick Moranis, Matt Frewer, Marcia Strassman, Kristine Sutherland
431,John Goodman, Elizabeth Perkins, Rick Moranis, Rosie O'Donnell
432,Mel Gibson, Danny Glover, Joe Pesci, Rene Russo
433,Steve Carell, Anne Hathaway, Dwayne Johnson, Alan Arkin
434,Kate Winslet, Jai Courtney, Mekhi Phifer, Shailene Woodley
435,Trombone Shorty, Rebecca Bloom, Anastasia Bredikhina, Francesca Capaldi
436,Mark Wahlberg, Anthony Hopkins, Josh Duhamel, Laura Haddock
437,Denzel Washington, Russell Crowe, Chiwetel Ejiofor, Josh Brolin
438,Kevin Spacey, Annette Bening, Thora Birch, Wes Bentley
439,Richard Gere, Debra Winger, David Keith, Robert Loggia
440,Naomi Watts, Martin Henderson, David Dorfman, Brian Cox
441,Eddie Murphy, Jada Pinkett Smith, James Coburn, Larry Miller
442,Sacha Baron Cohen, Ken Davitian, Luenell, Chester
443,Mike Stoklasa, Jack Packard, Rich Evans, 
444,Adrian Quinton, Colin Firth, Mark Strong, Jonno Davies
445,Paula Abdul, Halle Berry, Lucille Bliss, Terry Bradshaw
446,Paul Bates, Eddie Murphy, Garcelle Beauvais, Feather
447,Yun-Fat Chow, Michelle Yeoh, Ziyi Zhang, Chen Chang
448,Leonardo DiCaprio, Mark Ruffalo, Ben Kingsley, Max von Sydow
449,Anna Kendrick, Daniel Huttlestone, James Corden, Emily Blunt
450,Sylvester Stallone, Talia Shire, Burt Young, Carl Weathers
451,Amy Adams, Patrick Dempsey, James Marsden, Timothy Spall
452,Cate Blanchett, Brad Pitt, Julia Ormond, Faune Chambers Watkins
453,Dwayne Johnson, Kevin Hart, Amy Ryan, Danielle Nicolet
454,Will Ferrell, Steve Carell, Paul Rudd, David Koechner
455,Reese Witherspoon, Josh Lucas, Patrick Dempsey, Candice Bergen
456,Jim Carrey, Jeff Daniels, Lauren Holly, Mike Starr
457,Paul Walker, Tyrese Gibson, Eva Mendes, Cole Hauser
458,Julia Roberts, Dermot Mulroney, Cameron Diaz, Rupert Everett
459,Joel Courtney, Jessica Tuck, Joel McKinnon Miller, Ryan Lee
460,Pierce Brosnan, Sophie Marceau, Robert Carlyle, Denise Richards
461,Burt Reynolds, Sally Field, Jerry Reed, Mike Henry
462,Tom Hanks, Ross Malinger, Rita Wilson, Victor Garber
463,Scarlett Johansson, Morgan Freeman, Min-sik Choi, Amr Waked
464,Alexander Skarsgërd, Rory J. Saper, Christian Stevens, Christoph Waltz
465,Jerry Seinfeld, Ren_e Zellweger, Matthew Broderick, Patrick Warburton
466,Noomi Rapace, Michael Fassbender, Charlize Theron, Idris Elba
467,Denzel Washington, Ryan Reynolds, Vera Farmiga, Brendan Gleeson
468,Adam Sandler, Winona Ryder, John Turturro, Allen Covert
469,Jim Carrey, Laura Linney, Noah Emmerich, Natascha McElhone
470,Julia Roberts, David Brisbin, Dawn Didawick, Albert Finney
471,Brad Pitt, Catherine Zeta-Jones, George Clooney, Ed Kross
472,Christian Bale, Sam Worthington, Moon Bloodgood, Helena Bonham Carter
473,Cameron Diaz, Drew Barrymore, Lucy Liu, Bill Murray
474,Pierce Brosnan, Jonathan Pryce, Michelle Yeoh, Teri Hatcher
475,Mark Wahlberg, Taylor Kitsch, Emile Hirsch, Ben Foster
476,Tom Hanks, Aaron Eckhart, Valerie Mahaffey, Delphi Harrington
477,Sylvester Stallone, Talia Shire, Burt Young, Carl Weathers
478,Rachel McAdams, Channing Tatum, Jessica Lange, Sam Neill
479,Suraj Sharma, Irrfan Khan, Ayush Tandon, Gautam Belur
480,Shailene Woodley, Ansel Elgort, Nat Wolff, Laura Dern
481,Bill Hader, Anna Faris, James Caan, Andy Samberg
482,Meryl Streep, Anne Hathaway, Emily Blunt, Stanley Tucci
483,Jack Nicholson, Diane Keaton, Keanu Reeves, Frances McDormand
484,Benicio Del Toro, Jacob Vargas, Andrew Chavez, Michael Saucedo
485,Robin Williams, Gene Hackman, Nathan Lane, Dianne Wiest
486,Billy Crystal, Daniel Stern, Bruno Kirby, Patricia Wettig
487,Robin Williams, Forest Whitaker, Tung Thanh Tran, Chintara Sukapatana
488,Johnny Depp, Isla Fisher, Abigail Breslin, Ned Beatty
489,Eddie Murphy, Janet Jackson, Larry Miller, John Ales
490,Jeffrey Wright, Frances McDormand, Maleah Nipay-Padilla, Ryan Teeple
491,Dwayne Johnson, Jonathan Pryce, Byung-hun Lee, Elodie Yung
492,Harrison Ford, Willem Dafoe, Anne Archer, Joaquim de Almeida
493,Sean Connery, Alec Baldwin, Scott Glenn, Sam Neill
494,Kevin Costner, Whitney Houston, Gary Kemp, Bill Cobbs
495,Mike Myers, Dana Carvey, Rob Lowe, Tia Carrere
496,Matt Damon, Franka Potente, Chris Cooper, Clive Owen
497,Jonah Hill, Michael Cera, Christopher Mintz-Plasse, Bill Hader
498,Keanu Reeves, Dennis Hopper, Sandra Bullock, Joe Morton
499,Adam Sandler, Drew Barrymore, Rob Schneider, Sean Astin